{"cameraMode":{"drawMode":0,"name":"Shaded","section":"Shading Mode"},"sceneLighting":true,"audioPlay":false,"sceneViewState":{"m_AlwaysRefresh":false,"showFog":true,"showSkybox":true,"showFlares":true,"showImageEffects":true,"showParticleSystems":true,"showVisualEffectGraphs":true,"m_FxEnabled":true},"in2DMode":false,"pivot":{"x":0.01652769185602665,"y":-0.0057501113042235378,"z":0.047144994139671329},"rotation":{"x":-0.20184342563152314,"y":0.39769816398620608,"z":-0.0901794284582138,"w":-0.8905060291290283},"size":0.012820644304156304,"orthographic":false}